task,passed,agent_steps,androidworld_step_budget
AudioRecorderRecordAudio,1,5,12
AudioRecorderRecordAudioWithFileName,1,6,20
BrowserDraw,1,13,20
BrowserMaze,1,14,20
BrowserMultiply,1,17,22
CameraTakePhoto,1,4,10
CameraTakeVideo,1,6,10
ClockStopWatchPausedVerify,1,3,10
ClockStopWatchRunning,1,3,10
ClockTimerEntry,1,6,10
ContactsAddContact,1,6,12
ContactsNewContactDraft,1,6,12
ExpenseAddMultiple,1,30,60
ExpenseAddMultipleFromGallery,1,28,60
ExpenseAddMultipleFromMarkor,1,18,60
ExpenseAddSingle,1,8,12
ExpenseDeleteDuplicates,1,7,12
ExpenseDeleteDuplicates2,1,10,18
ExpenseDeleteMultiple,1,10,20
ExpenseDeleteMultiple2,1,13,34
ExpenseDeleteSingle,1,4,10
FilesDeleteFile,1,9,22
FilesMoveFile,1,16,20
MarkorAddNoteHeader,1,8,12
MarkorChangeNoteContent,1,8,12
MarkorCreateFolder,1,4,10
MarkorCreateNote,1,14,16
MarkorCreateNoteAndSms,1,14,18
MarkorCreateNoteFromClipboard,1,7,14
MarkorDeleteAllNotes,1,9,14
MarkorDeleteNewestNote,1,3,10
MarkorDeleteNote,1,4,10
MarkorEditNote,1,6,12
MarkorMergeNotes,1,17,78
MarkorMoveNote,1,8,14
MarkorTranscribeReceipt,1,10,18
MarkorTranscribeVideo,1,15,20
NotesIsTodo,1,3,10
NotesMeetingAttendeeCount,1,4,10
NotesRecipeIngredientCount,1,4,10
NotesTodoItemCount,1,6,10
OpenAppTaskEval,1,5,10
OsmAndFavorite,1,6,13
OsmAndMarker,1,13,20
OsmAndTrack,1,30,120
RecipeAddMultipleRecipes,1,30,60
RecipeAddMultipleRecipesFromImage,1,36,60
RecipeAddMultipleRecipesFromMarkor,1,35,60
RecipeAddMultipleRecipesFromMarkor2,1,30,60
RecipeAddSingleRecipe,1,9,24
RecipeDeleteDuplicateRecipes,1,7,10
RecipeDeleteDuplicateRecipes2,1,22,24
RecipeDeleteDuplicateRecipes3,1,33,34
RecipeDeleteMultipleRecipes,1,13,24
RecipeDeleteMultipleRecipesWithConstraint,1,39,40
RecipeDeleteMultipleRecipesWithNoise,1,20,34
RecipeDeleteSingleRecipe,1,5,10
RecipeDeleteSingleWithRecipeWithNoise,1,6,20
RetroCreatePlaylist,1,16,24
RetroPlayingQueue,1,15,32
RetroPlaylistDuration,1,21,30
RetroSavePlaylist,1,27,50
SaveCopyOfReceiptTaskEval,1,8,16
SimpleCalendarAddOneEvent,1,20,34
SimpleCalendarAddOneEventInTwoWeeks,1,19,34
SimpleCalendarAddOneEventRelativeDay,1,19,34
SimpleCalendarAddOneEventTomorrow,1,20,34
SimpleCalendarAddRepeatingEvent,1,17,34
SimpleCalendarAnyEventsOnDate,1,2,10
SimpleCalendarDeleteEvents,1,11,14
SimpleCalendarDeleteEventsOnRelativeDay,1,9,12
SimpleCalendarDeleteOneEvent,1,7,12
SimpleCalendarEventOnDateAtTime,1,2,10
SimpleCalendarEventsInNextWeek,1,3,10
SimpleCalendarEventsInTimeRange,1,4,10
SimpleCalendarEventsOnDate,1,2,10
SimpleCalendarFirstEventAfterStartTime,1,7,10
SimpleCalendarLocationOfEvent,1,3,10
SimpleCalendarNextEvent,1,3,10
SimpleCalendarNextMeetingWithPerson,1,2,10
SimpleDrawProCreateDrawing,1,11,18
SimpleSmsReply,1,6,12
SimpleSmsReplyMostRecent,1,4,12
SimpleSmsResend,1,7,12
SimpleSmsSend,1,7,12
SimpleSmsSendClipboardContent,1,7,12
SimpleSmsSendReceivedAddress,1,7,18
SportsTrackerActivitiesCountForWeek,1,5,10
SportsTrackerActivitiesOnDate,1,12,20
SportsTrackerActivityDuration,1,4,10
SportsTrackerLongestDistanceActivity,1,5,10
SportsTrackerTotalDistanceForCategoryOverInterval,1,12,20
SportsTrackerTotalDurationForCategoryThisWeek,1,5,10
SystemBluetoothTurnOff,1,5,10
SystemBluetoothTurnOffVerify,1,4,10
SystemBluetoothTurnOn,1,6,10
SystemBluetoothTurnOnVerify,1,4,10
SystemBrightnessMax,1,6,10
SystemBrightnessMaxVerify,1,4,10
SystemBrightnessMin,1,6,10
SystemBrightnessMinVerify,1,3,10
SystemCopyToClipboard,1,4,10
SystemWifiTurnOff,1,4,10
SystemWifiTurnOffVerify,1,5,10
SystemWifiTurnOn,1,4,10
SystemWifiTurnOnVerify,1,3,10
TasksCompletedTasksForDate,1,9,10
TasksDueNextWeek,1,7,10
TasksDueOnDate,1,2,10
TasksHighPriorityTasks,1,5,10
TasksHighPriorityTasksDueOnDate,1,5,10
TasksIncompleteTasksOnDate,1,5,10
TurnOffWifiAndTurnOnBluetooth,1,9,20
TurnOnWifiAndOpenApp,1,5,20
VlcCreatePlaylist,1,10,28
VlcCreateTwoPlaylists,1,31,48
